batch_index,action_MI,amount_MI
0,0.0010808511070141136,
1,0.012708654203284236,
2,0.025075871518530662,
3,0.01557002900292434,
4,0.035283316946634335,
